{
  "9efbdde1-954e-408c-82bc-309d5622a0d8": {
    "I": [
      [
        -1.2975476726745858,
        2.4318174352054243
      ],
      [
        2.7547895125911284,
        -0.0921994704451522
      ],
      [
        -1.4572418399165183,
        -2.3396179647602975
      ]
    ]
  },
  "31146140-ce0c-454c-bb99-786c442ab669": {
    "X": [
      [
        125.36948514259898,
        3.066167872477718
      ],
      [
        -60.02936330146772,
        -110.10624292910822
      ],
      [
        -65.34012184113617,
        107.04007505662749
      ]
    ],
    "I": [
      [
        1.297128175782504,
        -2.4139811547340457
      ],
      [
        -2.7391330921478527,
        0.08364462517479865
      ],
      [
        1.4420049163653132,
        2.3303365295592755
      ]
    ]
  },
  "da73fcc4-3c28-46ff-8422-2e02caca0fdb": {
    "X": [
      [
        125.36948520745497,
        3.06616775177865
      ],
      [
        -60.02936343842417,
        -110.10624292492562
      ],
      [
        -65.3401217690357,
        107.04007517314396
      ],
      [
        125.36948514259898,
        3.066167872477718
      ],
      [
        -60.02936330146772,
        -110.10624292910822
      ],
      [
        -65.34012184113617,
        107.04007505662749
      ],
      [
        -1.2971198178168513,
        2.413981359145233
      ],
      [
        2.739129090190304,
        -0.08365196559098734
      ],
      [
        -1.442009272373428,
        -2.3303293935542704
      ]
    ],
    "I": [
      [
        1.2971114598511708,
        -2.4139815635564164
      ],
      [
        -2.7391250882327416,
        0.08365930600718233
      ],
      [
        1.442013628381546,
        2.330322257549259
      ],
      [
        -1.2971281757825275,
        2.4139811547340413
      ],
      [
        2.739133092147857,
        -0.08364462517479207
      ],
      [
        -1.4420049163653053,
        -2.330336529559274
      ],
      [
        0.0,
        0.0
      ],
      [
        0.0,
        0.0
      ],
      [
        1.1293829231269386e-15,
        -5.013084109603926e-15
      ]
    ]
  },
  "54be6c74-23e0-4f5c-b51f-466fc0acf847": {
    "X": [
      [
        125.36948520745497,
        3.06616775177865
      ],
      [
        -60.02936343842417,
        -110.10624292492562
      ],
      [
        -65.3401217690357,
        107.04007517314396
      ],
      [
        -7.785286036047499e-08,
        1.459090461123251e-07
      ],
      [
        1.652873707554673e-07,
        -5.531968226709105e-09
      ],
      [
        -8.743451039499085e-08,
        -1.4037707788561752e-07
      ]
    ],
    "I": [
      [
        -1.297111459851171,
        2.4139815635564172
      ],
      [
        2.7391250882327416,
        -0.08365930600718219
      ],
      [
        -1.4420136283815461,
        -2.3303222575492595
      ],
      [
        1.2975476726745776,
        -2.4318174352054083
      ],
      [
        -2.7547895125911093,
        0.09219947044515103
      ],
      [
        1.4572418399165075,
        2.3396179647602815
      ]
    ]
  },
  "7098bbcf-22ac-494f-a083-d2b3c616e46f": {
    "X": [
      [
        -1.2975476726745853e-08,
        2.4318174352054252e-08
      ],
      [
        2.754789512591128e-08,
        -9.219947044515344e-10
      ],
      [
        -1.4572418399165177e-08,
        -2.3396179647602965e-08
      ],
      [
        -7.785286036047499e-08,
        1.459090461123251e-07
      ],
      [
        1.652873707554673e-07,
        -5.531968226709105e-09
      ],
      [
        -8.743451039499085e-08,
        -1.4037707788561752e-07
      ],
      [
        -1.2975476726745827,
        2.431817435205417
      ],
      [
        2.7547895125911204,
        -0.09219947044515142
      ],
      [
        -1.4572418399165135,
        -2.3396179647602913
      ]
    ],
    "I": [
      [
        1.2975476726745836,
        -2.431817435205419
      ],
      [
        -2.754789512591122,
        0.09219947044515148
      ],
      [
        1.4572418399165143,
        2.339617964760293
      ],
      [
        -1.2975476726745776,
        2.4318174352054074
      ],
      [
        2.7547895125911093,
        -0.09219947044515105
      ],
      [
        -1.4572418399165077,
        -2.339617964760282
      ],
      [
        0.0,
        0.0
      ],
      [
        0.0,
        0.0
      ],
      [
        0.0,
        0.0
      ]
    ]
  },
  "bd5386d5-e273-4561-a6d7-2940cdc8c048": {
    "X": [
      [
        -1.2975476726745853e-08,
        2.4318174352054252e-08
      ],
      [
        2.754789512591128e-08,
        -9.219947044515344e-10
      ],
      [
        -1.4572418399165177e-08,
        -2.3396179647602965e-08
      ]
    ],
    "I": [
      [
        2.3630821324256934e-15,
        -5.500720627141968e-15
      ],
      [
        -5.9453048684388605e-15,
        7.038711556612356e-16
      ],
      [
        3.582222736013164e-15,
        4.7968494714807345e-15
      ]
    ]
  }
}