{
  "normal": {
    "c894ac8b-0581-4555-a91c-97d99bd85a55": null,
    "592ca15b-c8ad-4341-adf2-971047a98f6c": [
      0.09707777259763008,
      -163.4887170720674
    ],
    "ea1cc777-b738-4528-9a6e-9036ff608692": [
      0.09707777259763392,
      16.511282927932626
    ],
    "ebf05a81-1f54-4d0a-9282-4dba611573b6": [
      0.09840769412601269,
      -164.29782844715322
    ],
    "2be302a6-8deb-4901-9fa2-a662e96023df": [
      0.016469637491002543,
      46.93665067462137
    ],
    "faa62589-b737-4c20-ac28-3c9e0e4c3446": [
      0.15226004723544995,
      111.51685721668161
    ],
    "3471c75e-39fd-4954-a197-58201cd60065": [
      1.7509716329713154,
      81.51504647492592
    ],
    "642fd595-ecf3-4811-8291-1361451dce37": [
      0.8754859019643345,
      -98.48495352201367
    ],
    "a1f281cc-77fb-41ff-98d4-7f44237e6c00": [
      0.8754857696159083,
      -98.4849535306555
    ],
    "db849046-4d20-4236-97d6-7e1136ee9445": [
      0.18930024609621218,
      136.92948409658771
    ],
    "96b37505-87d2-4229-b5bc-44aedb680f49": [
      0.18930024609621218,
      76.92948409658766
    ],
    "3cfffef0-a30c-4b96-a4d1-192138583fd5": [
      0.1892995393786806,
      -43.07054646097884
    ],
    "490492ef-a767-4cfe-9f5b-56ce429faa25": [
      0.15226004723545,
      -68.4831427833184
    ],
    "ff7050dc-07c4-47dd-915a-3e8ee13bda4c": [
      0.016469637491003365,
      106.93665067461927
    ],
    "14b32d66-9f61-4aaf-abcb-2e4630073e6d": [
      0.8754857310069811,
      -98.4849535281345
    ]
  },
  "fault0": {
    "c894ac8b-0581-4555-a91c-97d99bd85a55": null,
    "592ca15b-c8ad-4341-adf2-971047a98f6c": [
      0.09707777259763008,
      -163.4887170720674
    ],
    "ea1cc777-b738-4528-9a6e-9036ff608692": [
      0.09707777259763392,
      16.511282927932626
    ],
    "ebf05a81-1f54-4d0a-9282-4dba611573b6": [
      0.09840769412601269,
      -164.29782844715322
    ],
    "2be302a6-8deb-4901-9fa2-a662e96023df": [
      0.016469637491002543,
      46.93665067462137
    ],
    "faa62589-b737-4c20-ac28-3c9e0e4c3446": [
      0.15226004723544995,
      111.51685721668161
    ],
    "3471c75e-39fd-4954-a197-58201cd60065": [
      1.7509716329713154,
      81.51504647492592
    ],
    "642fd595-ecf3-4811-8291-1361451dce37": [
      0.8754859019643345,
      -98.48495352201367
    ],
    "a1f281cc-77fb-41ff-98d4-7f44237e6c00": [
      0.8754857696159083,
      -98.4849535306555
    ],
    "db849046-4d20-4236-97d6-7e1136ee9445": [
      0.18930024609621218,
      136.92948409658771
    ],
    "96b37505-87d2-4229-b5bc-44aedb680f49": [
      0.18930024609621218,
      76.92948409658766
    ],
    "3cfffef0-a30c-4b96-a4d1-192138583fd5": [
      0.1892995393786806,
      -43.07054646097884
    ],
    "490492ef-a767-4cfe-9f5b-56ce429faa25": [
      0.15226004723545,
      -68.4831427833184
    ],
    "ff7050dc-07c4-47dd-915a-3e8ee13bda4c": [
      0.016469637491003365,
      106.93665067461927
    ],
    "14b32d66-9f61-4aaf-abcb-2e4630073e6d": [
      0.8754857310069811,
      -98.4849535281345
    ]
  },
  "best_cases": [
    [
      "2be302a6-8deb-4901-9fa2-a662e96023df"
    ],
    [
      "96b37505-87d2-4229-b5bc-44aedb680f49"
    ]
  ],
  "global_max": 0.8774125027607731
}