{
  "normal": {
    "c894ac8b-0581-4555-a91c-97d99bd85a55": [
      1.8653175408746205,
      -106.84414626796804
    ],
    "592ca15b-c8ad-4341-adf2-971047a98f6c": [
      0.09548897638347005,
      179.12088298115842
    ],
    "ea1cc777-b738-4528-9a6e-9036ff608692": [
      0.0954889763834708,
      -0.8791170188425818
    ],
    "ebf05a81-1f54-4d0a-9282-4dba611573b6": [
      0.09717436823931362,
      178.57293132149601
    ],
    "2be302a6-8deb-4901-9fa2-a662e96023df": [
      0.01650266584439607,
      -72.86276836397866
    ],
    "faa62589-b737-4c20-ac28-3c9e0e4c3446": [
      0.16220152315061281,
      103.15766388381617
    ],
    "3471c75e-39fd-4954-a197-58201cd60065": [
      1.865317426216232,
      73.15585373722635
    ],
    "642fd595-ecf3-4811-8291-1361451dce37": [
      1.8653175246756835,
      73.15585373336864
    ],
    "a1f281cc-77fb-41ff-98d4-7f44237e6c00": null,
    "db849046-4d20-4236-97d6-7e1136ee9445": [
      0.1896798704460873,
      137.13006505797944
    ],
    "96b37505-87d2-4229-b5bc-44aedb680f49": [
      0.18967987044608725,
      -42.86993494202052
    ],
    "3cfffef0-a30c-4b96-a4d1-192138583fd5": [
      0.18967916231129803,
      -42.869965499586876
    ],
    "490492ef-a767-4cfe-9f5b-56ce429faa25": [
      0.1622015231506128,
      -76.84233611618384
    ],
    "ff7050dc-07c4-47dd-915a-3e8ee13bda4c": [
      0.016502665844393742,
      -132.86276836397738
    ],
    "14b32d66-9f61-4aaf-abcb-2e4630073e6d": null
  },
  "fault0": {
    "c894ac8b-0581-4555-a91c-97d99bd85a55": [
      1.8653175408746205,
      -106.84414626796804
    ],
    "592ca15b-c8ad-4341-adf2-971047a98f6c": [
      0.09548897638347005,
      179.12088298115842
    ],
    "ea1cc777-b738-4528-9a6e-9036ff608692": [
      0.0954889763834708,
      -0.8791170188425818
    ],
    "ebf05a81-1f54-4d0a-9282-4dba611573b6": [
      0.09717436823931362,
      178.57293132149601
    ],
    "2be302a6-8deb-4901-9fa2-a662e96023df": [
      0.01650266584439607,
      -72.86276836397866
    ],
    "faa62589-b737-4c20-ac28-3c9e0e4c3446": [
      0.16220152315061281,
      103.15766388381617
    ],
    "3471c75e-39fd-4954-a197-58201cd60065": [
      1.865317426216232,
      73.15585373722635
    ],
    "642fd595-ecf3-4811-8291-1361451dce37": [
      1.8653175246756835,
      73.15585373336864
    ],
    "a1f281cc-77fb-41ff-98d4-7f44237e6c00": null,
    "db849046-4d20-4236-97d6-7e1136ee9445": [
      0.1896798704460873,
      137.13006505797944
    ],
    "96b37505-87d2-4229-b5bc-44aedb680f49": [
      0.18967987044608725,
      -42.86993494202052
    ],
    "3cfffef0-a30c-4b96-a4d1-192138583fd5": [
      0.18967916231129803,
      -42.869965499586876
    ],
    "490492ef-a767-4cfe-9f5b-56ce429faa25": [
      0.1622015231506128,
      -76.84233611618384
    ],
    "ff7050dc-07c4-47dd-915a-3e8ee13bda4c": [
      0.016502665844393742,
      -132.86276836397738
    ],
    "14b32d66-9f61-4aaf-abcb-2e4630073e6d": null
  },
  "best_cases": [
    [
      "2be302a6-8deb-4901-9fa2-a662e96023df",
      "96b37505-87d2-4229-b5bc-44aedb680f49"
    ]
  ],
  "global_max": 1.8694273056578876
}